"Wahlkreisnummer","Wahlkreisname","Stadtteilnummer","Stadtteilname","Wahlbezirksnummer","Wahlbezirksname","Wahlberechtigte insgesamt","Wahlberechtigte mit Wahlschein","Wähler/-innen","Gültige Erststimmen","Wellenreuther,Ingo (CDU)","Marvi,Parsa (SPD)","Golombeck,Heinz (FDP)","Kotting-Uhl,Sylvia (GRÜNE)","Binder,Karin (DIE LINKE)","Bartsch,Martin (PIRATEN)","Köhler,Heiko (NPD)","Haag,Rainer (REP)","Dr. Jongen,Marc (AfD)","Rapp, Peter (FREIE WÄHLER)","Gültige Zweitstimmen","CDU","SPD","FDP","GRÜNE","DIE LINKE","PIRATEN","NPD","REP","Tierschutzpartei","ÖDP","PBC","Volksabstimmung","MLPD","BüSo","AfD","BIG","pro Deutschland","FREIE WÄHLER","PARTEI DER VERNUNFT","RENTNER"
271,"Karlsruhe-Stadt","1","Innenstadt-Ost","001-01","Universität/Marktplatz",1367,357,585,577,201,183,11,71,42,35,2,4,22,6,575,165,148,36,67,57,50,1,1,6,1,1,1,0,0,35,0,0,4,1,1
271,"Karlsruhe-Stadt","1","Innenstadt-Ost","001-02","Lidellplatz",1133,275,563,544,211,148,13,63,43,31,1,1,26,7,548,183,94,42,93,49,33,1,0,5,3,2,0,1,0,35,0,1,4,2,0
271,"Karlsruhe-Stadt","1","Innenstadt-Ost","001-03","Östliche Altstadt",1374,323,587,579,190,179,9,100,60,25,0,1,13,2,581,172,131,24,114,52,42,1,1,4,3,1,3,0,1,27,0,1,2,1,1
271,"Karlsruhe-Stadt","2","Innenstadt-West","002-01","St. Stephans-Kirche",924,258,439,436,146,134,11,70,29,21,0,2,19,4,438,141,84,28,76,34,29,0,0,4,2,0,0,1,0,34,0,0,2,2,1
271,"Karlsruhe-Stadt","2","Innenstadt-West","002-02","Münze",1177,323,526,526,189,143,25,92,31,21,2,0,23,0,525,186,105,26,86,46,36,1,0,1,4,0,0,1,0,31,0,0,1,1,0
271,"Karlsruhe-Stadt","2","Innenstadt-West","002-03","Südwestl. Päd. Hochsch.",1158,370,499,492,162,165,22,94,21,14,0,1,11,2,497,160,122,38,84,24,34,0,0,2,4,4,1,0,0,21,0,0,2,0,1
271,"Karlsruhe-Stadt","2","Innenstadt-West","002-04","Zw. Belfort- u. Kriegsstr.",1465,375,718,713,225,219,11,129,48,44,1,2,29,5,713,207,142,36,152,57,50,3,2,5,3,4,1,1,0,42,1,0,5,1,1
271,"Karlsruhe-Stadt","2","Innenstadt-West","002-05","Leopoldplatz",1519,411,680,674,220,198,18,117,42,41,1,1,29,7,675,213,130,45,132,51,52,3,1,1,4,0,0,0,0,34,4,0,4,1,0
271,"Karlsruhe-Stadt","3","Südstadt","003-01","Südl. Staatstheater",1153,262,547,536,131,197,14,90,57,26,3,0,12,6,541,116,129,25,128,64,43,1,0,6,3,0,0,1,0,21,2,0,1,1,0
271,"Karlsruhe-Stadt","3","Südstadt","003-02","Nördl. Werderplatz",1113,279,552,542,123,220,6,99,48,21,1,1,16,7,545,127,147,23,112,67,36,1,0,0,3,0,0,2,0,22,0,0,4,1,0
271,"Karlsruhe-Stadt","3","Südstadt","003-03","Südl. Hauptzollamt",1318,301,620,613,166,221,15,106,49,43,2,0,10,1,614,148,166,30,118,70,46,3,0,3,2,2,0,1,0,23,0,0,2,0,0
271,"Karlsruhe-Stadt","3","Südstadt","003-04","Südl. Mendelssohn-Platz",1160,341,558,555,177,206,13,87,27,20,4,0,18,3,554,168,149,24,91,45,25,3,2,6,1,0,0,0,0,35,1,0,2,0,2
271,"Karlsruhe-Stadt","3","Südstadt","003-05","Am alten Arbeitsamt",1328,419,704,699,265,202,29,96,26,40,4,0,30,7,704,247,144,64,112,37,37,2,0,4,2,0,1,3,0,49,0,0,1,0,1
271,"Karlsruhe-Stadt","3","Südstadt","003-06","Stuttgarter Str./Güterbhf.",1151,215,508,496,119,190,9,69,52,27,3,3,22,2,499,124,127,17,99,65,28,2,2,5,1,0,1,2,0,24,0,0,1,1,0
271,"Karlsruhe-Stadt","3","Südstadt","003-07","Südl. Werderplatz",1333,301,564,555,166,194,12,96,42,34,1,0,8,2,556,158,131,17,125,52,40,0,0,5,3,0,1,1,0,19,1,1,2,0,0
271,"Karlsruhe-Stadt","3","Südstadt","003-08","Liebfrauen-Kirche",1117,213,535,527,170,171,11,76,50,25,4,1,14,5,527,161,129,22,82,61,33,3,2,2,2,1,3,0,0,20,0,0,4,0,2
271,"Karlsruhe-Stadt","3","Südstadt","003-09","Östl. Lauterberg",1272,244,689,678,192,247,17,92,58,37,7,1,20,7,682,197,198,24,111,63,40,6,1,5,2,0,0,0,0,27,0,0,5,1,2
271,"Karlsruhe-Stadt","3","Südstadt","003-10","Südl. Ludwig-Erhard-Allee",579,189,309,306,129,82,8,46,13,14,0,0,9,5,309,116,57,25,50,16,17,1,0,0,1,0,1,0,0,17,1,0,6,1,0
271,"Karlsruhe-Stadt","4","Südweststadt","004-01","Festplatz u. Stadtgarten",1112,283,579,570,196,187,19,110,29,15,2,0,10,2,575,186,134,33,125,40,22,1,0,4,0,0,1,0,0,27,0,0,1,0,1
271,"Karlsruhe-Stadt","4","Südweststadt","004-02","Südöstl. Goethe-Gymnas.",1374,287,721,712,205,259,13,105,57,34,3,3,27,6,715,213,187,29,115,57,52,2,1,9,3,0,0,0,0,42,0,0,3,2,0
271,"Karlsruhe-Stadt","4","Südweststadt","004-03","Nordöstl. Archivplatz",852,188,394,391,114,119,15,66,32,24,1,0,17,3,389,119,71,19,76,43,31,1,1,3,1,0,0,0,0,17,2,2,2,1,0
271,"Karlsruhe-Stadt","4","Südweststadt","004-04","Sonntagplatz",1175,334,592,582,122,220,12,143,24,30,2,2,22,5,586,120,135,38,157,40,47,2,2,10,1,0,0,0,0,30,3,0,0,0,1
271,"Karlsruhe-Stadt","4","Südweststadt","004-05","Hauptbahnhof/Klose-Str.",946,317,471,465,133,162,11,91,25,16,0,1,24,2,468,134,106,14,109,34,26,1,0,1,1,0,2,0,0,36,2,0,1,1,0
271,"Karlsruhe-Stadt","4","Südweststadt","004-06","Östl. Kolpingplatz",1041,294,542,537,150,173,14,135,31,17,0,1,14,2,542,146,125,34,126,52,24,1,1,6,2,0,0,1,0,23,0,1,0,0,0
271,"Karlsruhe-Stadt","4","Südweststadt","004-07","Nördl. Barbarossaplatz",1042,260,567,566,196,167,14,106,41,22,2,1,15,2,565,192,121,34,104,57,28,2,0,2,1,0,0,0,0,18,0,0,5,1,0
271,"Karlsruhe-Stadt","4","Südweststadt","004-08","Südl. Graf-Rhena-Str.",973,238,552,545,175,195,7,103,23,21,2,0,17,2,545,175,147,17,120,35,15,2,0,3,1,1,0,1,0,25,0,0,1,1,1
271,"Karlsruhe-Stadt","4","Südweststadt","004-09","Südl. St. Elisabeth-Kirche",1126,259,636,631,162,245,9,129,33,26,3,0,22,2,635,151,186,27,149,50,28,2,1,3,1,0,0,0,0,34,0,0,2,1,0
271,"Karlsruhe-Stadt","4","Südweststadt","004-10","Kolpingplatz",971,281,528,523,174,166,8,98,31,29,1,0,13,3,525,170,108,28,122,38,26,1,0,3,1,2,1,0,0,22,0,0,2,0,1
271,"Karlsruhe-Stadt","4","Südweststadt","004-11","Vorholzstr.",1045,254,512,507,143,178,9,105,22,30,4,0,12,4,508,135,122,34,122,34,26,3,0,3,0,2,1,0,0,23,1,1,1,0,0
271,"Karlsruhe-Stadt","4","Südweststadt","004-12","Südl. Archivplatz",955,261,494,482,125,164,10,105,32,25,1,0,16,4,489,140,108,11,114,46,34,0,0,1,1,0,1,2,0,28,0,0,3,0,0
271,"Karlsruhe-Stadt","4","Südweststadt","004-13","Südl. Weinbrennerplatz/LVA",1305,357,657,651,212,215,22,107,43,29,4,0,17,2,650,200,153,37,121,53,44,2,0,4,0,1,0,0,0,31,0,0,2,1,1
271,"Karlsruhe-Stadt","5","Weststadt","005-01","Riefstahlstr./H.-Sachs-Str.",1133,278,568,559,158,174,18,109,35,29,2,1,31,2,560,159,132,28,97,46,40,2,0,4,0,0,1,0,0,47,1,0,2,1,0
271,"Karlsruhe-Stadt","5","Weststadt","005-02","Haydnplatz/Scheffelstr.",1067,293,529,522,224,154,20,62,24,18,1,0,18,1,526,203,121,47,68,31,19,1,0,6,2,0,1,0,0,26,0,0,0,0,1
271,"Karlsruhe-Stadt","5","Weststadt","005-03","Moningerstr.",1072,239,489,483,168,139,12,81,35,28,1,2,14,3,483,159,92,17,84,43,44,2,1,5,1,0,0,0,0,28,0,0,3,3,1
271,"Karlsruhe-Stadt","5","Weststadt","005-04","Dragonerplatz",1139,281,601,594,162,226,17,98,32,35,3,0,13,8,598,158,135,38,138,50,35,3,0,3,2,0,0,0,2,32,0,0,2,0,0
271,"Karlsruhe-Stadt","5","Weststadt","005-05","Gutenbergplatz",1029,263,587,581,147,206,6,129,38,32,0,1,20,2,581,154,146,20,137,51,33,0,1,4,0,3,0,0,0,29,0,0,2,0,1
271,"Karlsruhe-Stadt","5","Weststadt","005-06","St. Bonifatius-Kirche",1156,278,599,592,177,214,12,104,32,22,4,3,21,3,592,186,160,28,116,41,25,5,2,0,3,0,0,0,0,24,0,0,1,0,1
271,"Karlsruhe-Stadt","5","Weststadt","005-07","Nördl. Gellertstr.",1084,253,559,550,154,177,12,112,46,30,0,0,16,3,552,144,135,25,120,58,30,1,0,6,2,1,0,0,0,24,1,1,4,0,0
271,"Karlsruhe-Stadt","5","Weststadt","005-08","Südl. Gellertstr.",1136,308,578,572,140,193,17,126,43,23,4,3,20,3,571,142,140,28,145,47,28,1,3,2,2,0,0,0,0,33,0,0,0,0,0
271,"Karlsruhe-Stadt","5","Weststadt","005-09","Nördl. Yorckplatz",1061,229,479,471,152,152,8,87,30,14,7,1,18,2,471,133,122,25,96,38,18,6,0,3,1,0,2,1,0,23,1,0,2,0,0
271,"Karlsruhe-Stadt","5","Weststadt","005-10","Westl. Weinbrennerplatz",1186,304,668,661,187,221,11,153,38,20,2,2,24,3,664,180,166,34,162,44,27,4,1,5,3,0,1,1,0,34,0,0,2,0,0
271,"Karlsruhe-Stadt","5","Weststadt","005-11","Südöstl. Kühler Krug",1183,305,570,563,176,190,11,114,22,18,4,1,22,5,566,188,135,24,127,29,20,6,0,4,1,0,0,1,0,28,1,0,2,0,0
271,"Karlsruhe-Stadt","5","Weststadt","005-12","Westl. Blücherstr.",1184,353,617,609,250,191,22,83,22,16,0,0,18,7,612,235,129,54,110,33,20,0,0,5,0,0,0,0,0,23,0,0,3,0,0
271,"Karlsruhe-Stadt","6","Nordweststadt","006-01","Alter Flugplatz",873,256,448,441,197,127,16,36,27,13,1,2,20,2,443,184,107,14,43,31,25,0,0,4,0,0,0,0,0,34,0,0,1,0,0
271,"Karlsruhe-Stadt","6","Nordweststadt","006-02","Südl. Kurt-Schumacher-Str.",893,117,391,380,185,89,7,30,30,8,5,5,18,3,380,167,85,12,33,25,12,6,2,2,2,0,0,0,0,29,0,1,4,0,0
271,"Karlsruhe-Stadt","6","Nordweststadt","006-03","Östl. Siemensschule",1109,263,597,589,270,176,16,56,23,9,3,3,31,2,589,275,136,24,66,26,12,1,3,4,2,0,0,0,0,39,0,0,1,0,0
271,"Karlsruhe-Stadt","6","Nordweststadt","006-04","Hertzstr./nw. Siemensschule",986,216,540,532,214,168,13,50,27,16,2,1,40,1,534,205,139,30,59,30,14,1,1,5,0,1,2,0,0,43,0,3,1,0,0
271,"Karlsruhe-Stadt","6","Nordweststadt","006-05","Südl. Binsenschlauch",1267,309,604,597,209,209,16,80,24,27,4,1,19,8,602,201,146,34,97,46,29,3,1,3,0,1,0,0,1,33,0,0,5,1,1
271,"Karlsruhe-Stadt","6","Nordweststadt","006-06","Südwestl. Flugplatz",1064,132,506,495,200,137,17,54,29,13,9,3,28,5,495,182,108,26,49,42,16,10,1,8,1,1,0,0,0,43,0,1,3,1,3
271,"Karlsruhe-Stadt","6","Nordweststadt","006-07","Nördl. Rennbuckel",953,221,515,507,241,139,16,36,19,25,4,1,25,1,508,244,95,29,39,24,32,3,1,3,3,0,0,0,0,32,0,0,2,0,1
271,"Karlsruhe-Stadt","6","Nordweststadt","006-08","Südl. Rennbuckel",996,218,516,507,223,131,19,57,26,23,2,4,18,4,504,198,102,42,61,24,21,2,1,1,6,0,3,0,0,36,0,0,4,1,2
271,"Karlsruhe-Stadt","7","Oststadt","007-01","Südöstl. Schillerschule",1001,228,515,501,132,188,12,83,31,31,1,1,16,6,504,131,123,31,97,54,29,2,0,3,5,0,4,0,0,23,0,0,1,0,1
271,"Karlsruhe-Stadt","7","Oststadt","007-02","Südl. Gottesauer Platz",1256,349,563,553,139,192,19,98,30,42,4,5,24,0,558,134,131,30,102,51,53,4,3,10,1,1,0,0,0,37,0,0,0,0,1
271,"Karlsruhe-Stadt","7","Oststadt","007-03","St. Bernhardus-Kirche",1376,414,694,685,153,238,19,147,40,64,2,0,15,7,686,170,161,26,169,44,74,2,0,8,2,0,0,0,0,26,0,0,3,1,0
271,"Karlsruhe-Stadt","7","Oststadt","007-04","Nordwestl. Karl-Wilh.-Platz",1331,356,643,630,193,193,17,92,58,36,3,2,32,4,635,183,139,34,118,72,45,3,0,0,2,0,0,1,0,35,0,0,2,1,0
271,"Karlsruhe-Stadt","7","Oststadt","007-05","Parkstr./Klosterweg",1295,259,653,642,206,210,13,72,39,48,6,5,42,1,643,192,150,21,91,48,63,8,4,1,2,0,0,1,0,55,0,1,3,1,2
271,"Karlsruhe-Stadt","7","Oststadt","007-06","Schloss Gottesaue",1215,347,587,581,168,203,13,110,31,36,1,0,17,2,582,173,137,25,124,47,44,1,0,4,1,0,0,0,0,23,1,0,1,1,0
271,"Karlsruhe-Stadt","7","Oststadt","007-07","Veilchenstr./Gerwigstr.",1338,322,741,734,203,253,22,127,44,56,4,1,17,7,733,187,161,51,146,63,51,4,2,9,4,0,3,4,0,40,1,0,6,1,0
271,"Karlsruhe-Stadt","7","Oststadt","007-08","Rintheimer Straße",1181,312,604,593,210,194,17,86,36,24,5,1,18,2,597,198,132,38,102,53,28,4,2,4,1,0,1,1,0,25,3,1,4,0,0
271,"Karlsruhe-Stadt","7","Oststadt","007-09","Östlich Tullaschule",1158,305,589,577,234,164,15,65,31,26,5,2,34,1,580,221,138,23,73,35,30,2,1,2,1,0,1,3,0,47,0,0,2,1,0
271,"Karlsruhe-Stadt","7","Oststadt","007-10","Gerwigstr.-Großmarkt",1421,274,702,690,244,221,14,78,58,27,5,0,35,8,691,221,180,20,91,65,35,6,4,2,12,0,2,0,0,48,0,0,4,0,1
271,"Karlsruhe-Stadt","8","Mühlburg","008-01","Westl. Wichernstr.",881,74,363,355,151,108,3,17,27,10,4,3,27,5,355,127,98,12,19,31,13,3,1,4,1,1,2,0,0,34,0,1,4,1,3
271,"Karlsruhe-Stadt","8","Mühlburg","008-02","Östl. Entenfang",715,89,350,342,144,108,11,17,23,8,4,3,18,6,339,130,92,16,26,23,11,4,2,5,0,0,1,0,0,24,1,0,4,0,0
271,"Karlsruhe-Stadt","8","Mühlburg","008-03","St. Peter-u.-Paul-Kirche",943,180,400,391,144,121,1,55,36,17,4,2,9,2,394,126,87,15,63,46,25,5,1,6,1,0,0,0,0,15,0,0,4,0,0
271,"Karlsruhe-Stadt","8","Mühlburg","008-04","Lerchenstr./Mühlburger Bf",1205,239,546,540,211,158,12,67,39,24,2,3,19,5,540,191,126,20,77,46,26,2,1,8,1,0,0,0,0,38,0,0,2,0,2
271,"Karlsruhe-Stadt","8","Mühlburg","008-05","Rheinhafen",1017,126,423,414,188,120,10,31,26,12,7,1,18,1,413,173,95,19,33,27,16,8,1,2,0,0,0,0,0,34,1,1,2,0,1
271,"Karlsruhe-Stadt","8","Mühlburg","008-06","Lindenplatz",1196,235,535,527,155,200,14,67,39,19,4,2,22,5,524,144,140,22,88,51,24,4,2,7,3,1,0,1,0,32,1,0,3,0,1
271,"Karlsruhe-Stadt","8","Mühlburg","008-07","Bachstr.",1215,297,655,650,187,229,15,129,32,30,2,2,24,0,653,184,164,28,134,55,34,2,2,9,1,1,0,0,0,37,0,0,1,0,1
271,"Karlsruhe-Stadt","8","Mühlburg","008-08","L.-Marum-Str./Philippstr.",868,164,456,447,126,143,8,76,39,20,6,4,18,7,450,128,112,16,84,39,26,3,1,4,0,0,0,2,0,32,0,0,3,0,0
271,"Karlsruhe-Stadt","8","Mühlburg","008-09","Westlich Draisschule",998,198,535,525,236,140,15,52,32,20,5,0,22,3,531,222,115,35,48,39,25,2,1,3,0,0,0,0,0,35,0,0,5,0,1
271,"Karlsruhe-Stadt","8","Mühlburg","008-10","Nibelungenplatz",882,179,460,453,180,134,8,62,29,14,5,0,16,5,453,137,108,40,56,33,23,5,0,8,2,2,0,1,0,27,2,0,5,2,2
271,"Karlsruhe-Stadt","8","Mühlburg","008-11","Weingärtensiedlung",919,205,508,502,216,142,17,61,18,17,4,2,22,3,506,231,102,22,59,26,17,3,1,1,3,1,1,2,0,35,0,0,2,0,0
271,"Karlsruhe-Stadt","9","Daxlanden","009-01","Fritschlach und Waid",1325,248,742,735,368,203,19,67,30,19,3,1,21,4,737,337,181,41,64,41,23,3,1,11,0,0,0,0,0,29,0,0,5,0,1
271,"Karlsruhe-Stadt","9","Daxlanden","009-02","Westl. Kastenwörtstr.",1217,226,701,690,321,201,13,64,32,12,11,1,25,10,694,324,156,27,64,31,25,8,1,4,2,2,1,2,0,38,0,0,7,1,1
271,"Karlsruhe-Stadt","9","Daxlanden","009-03","Östl. Kastenwörtstr.",1260,241,644,637,243,222,17,77,34,10,8,2,22,2,634,238,185,24,85,35,16,6,1,3,0,0,2,1,0,33,1,0,2,1,1
271,"Karlsruhe-Stadt","9","Daxlanden","009-04","Hermann-Hesse-Str.",1068,168,542,535,239,149,8,44,39,5,11,0,35,5,537,230,132,12,54,41,4,11,1,4,0,2,0,0,0,43,0,0,2,1,0
271,"Karlsruhe-Stadt","9","Daxlanden","009-05","Berthold-Brecht-Str.",944,146,495,484,214,161,9,38,21,10,5,0,24,2,486,208,133,9,42,26,10,4,0,7,0,2,0,0,0,42,0,0,2,0,1
271,"Karlsruhe-Stadt","9","Daxlanden","009-06","Westl. Am Anger",971,133,464,452,179,140,4,28,47,11,9,2,29,3,448,156,131,8,27,48,16,4,3,7,1,2,1,0,0,32,3,1,4,1,3
271,"Karlsruhe-Stadt","9","Daxlanden","009-07","Östl. Rheinstrandallee",1166,186,588,578,258,190,7,37,29,11,1,6,37,2,577,232,176,14,42,30,12,0,5,7,1,0,0,0,0,49,0,1,6,0,2
271,"Karlsruhe-Stadt","9","Daxlanden","009-08","Dornröschenweg",1074,120,544,533,228,180,15,37,17,11,7,5,30,3,535,199,179,24,36,17,16,4,4,5,0,0,1,0,0,47,0,0,3,0,0
271,"Karlsruhe-Stadt","10","Knielingen","010-01","Burgau",947,163,488,476,214,145,5,31,31,16,4,3,24,3,479,193,124,17,43,33,15,5,3,5,0,0,1,1,0,35,0,0,4,0,0
271,"Karlsruhe-Stadt","10","Knielingen","010-02","Alt Knielingen",1027,133,591,581,267,180,13,38,20,29,7,2,24,1,586,238,156,28,52,24,25,6,1,3,2,0,1,0,1,47,1,0,1,0,0
271,"Karlsruhe-Stadt","10","Knielingen","010-03","Maxau und Brurain",1198,194,650,643,274,189,19,62,22,25,11,4,31,6,643,242,160,32,60,29,22,18,2,8,1,1,2,0,0,59,0,1,5,1,0
271,"Karlsruhe-Stadt","10","Knielingen","010-04","Nordöstl. Pionierstr.",1294,199,773,765,388,201,15,67,42,21,4,3,22,2,769,348,187,37,49,60,27,6,3,2,1,4,0,0,0,40,0,2,3,0,0
271,"Karlsruhe-Stadt","10","Knielingen","010-05","Siemens",1203,230,646,639,295,183,14,54,32,21,3,3,28,6,641,275,156,38,64,43,19,3,2,2,0,0,0,2,0,34,0,2,1,0,0
271,"Karlsruhe-Stadt","10","Knielingen","010-06","Neu Knielingen",1052,174,629,621,265,199,11,60,29,19,9,2,23,4,623,238,157,42,56,35,28,13,3,8,0,0,1,0,0,38,0,0,2,1,1
271,"Karlsruhe-Stadt","11","Grünwinkel","011-01","Albsiedlung",907,178,478,471,189,140,11,60,27,11,6,2,21,4,474,181,114,16,68,34,14,3,0,2,1,1,0,0,0,34,0,0,4,1,1
271,"Karlsruhe-Stadt","11","Grünwinkel","011-02","Alt Grünwinkel/Moninger",1021,174,510,502,220,126,11,57,29,23,3,1,27,5,503,202,106,18,68,34,23,2,1,7,2,1,2,0,0,34,0,0,3,0,0
271,"Karlsruhe-Stadt","11","Grünwinkel","011-03","Charlottenplatz",1152,215,586,572,249,175,10,50,34,15,1,0,36,2,579,241,148,25,49,31,16,1,1,11,0,0,0,0,1,45,0,1,3,4,2
271,"Karlsruhe-Stadt","11","Grünwinkel","011-04","Pulverhausstr./St. Josefs-Kirche",1079,149,510,501,216,154,11,37,27,16,14,1,22,3,504,210,124,23,44,32,14,18,1,2,0,1,0,0,0,31,0,0,3,1,0
271,"Karlsruhe-Stadt","11","Grünwinkel","011-05","Nördl. Heidenstückersiedlung",1176,216,651,647,292,200,11,59,27,9,3,4,33,9,647,261,151,34,74,28,18,4,3,5,2,2,0,0,0,55,0,1,6,1,2
271,"Karlsruhe-Stadt","11","Grünwinkel","011-06","Hardecksiedlung",1114,219,601,590,276,168,7,63,16,24,10,1,21,4,593,252,140,27,64,32,22,8,0,6,0,2,1,0,0,32,0,0,5,2,0
271,"Karlsruhe-Stadt","11","Grünwinkel","011-07","Südl. Heidenstückersiedlung",1131,213,685,673,284,190,20,85,32,17,3,3,35,4,676,283,140,24,88,46,20,7,4,5,2,0,0,0,0,52,0,3,1,0,1
271,"Karlsruhe-Stadt","12","Oberreut","012-01","Otto-Wels-Str./A.-Braun-Str.",1069,104,471,460,211,145,4,19,26,7,15,7,22,4,460,187,133,10,24,33,6,10,6,11,1,0,1,0,0,34,0,1,3,0,0
271,"Karlsruhe-Stadt","12","Oberreut","012-02","Rudolf-Breitscheid-Str.",1007,57,355,351,165,83,3,9,36,7,9,6,27,6,350,150,73,7,11,45,8,7,6,4,0,0,2,0,0,33,1,0,1,0,2
271,"Karlsruhe-Stadt","12","Oberreut","012-03","Südl. Eugen-Geck-Str.",1050,108,503,490,265,104,11,32,39,14,6,1,17,1,489,244,90,18,33,44,15,10,1,2,1,0,0,0,0,27,0,0,2,0,2
271,"Karlsruhe-Stadt","12","Oberreut","012-04","Südöstl. W.-Leuschner-Str.",1058,135,456,447,224,125,7,25,26,9,6,0,22,3,448,194,115,19,35,36,5,2,0,2,0,0,1,0,0,32,1,1,2,0,3
271,"Karlsruhe-Stadt","12","Oberreut","012-05","Südl. W.-Leuschner-Str.",1215,179,645,638,353,128,11,66,32,17,2,2,24,3,638,320,117,28,65,36,23,1,3,2,3,2,1,0,0,32,0,0,4,1,0
271,"Karlsruhe-Stadt","12","Oberreut","012-06","Kleinoberfeld",1294,174,566,564,316,121,3,32,32,17,3,7,31,2,563,278,97,26,38,34,25,6,3,6,0,1,0,0,0,45,1,1,1,0,1
271,"Karlsruhe-Stadt","13","Beiertheim-Bulach","013-01","Südl. Ebertstr.",857,197,469,467,182,142,8,70,26,19,2,0,14,4,466,170,103,21,79,39,19,2,0,3,3,0,0,2,0,23,0,0,1,1,0
271,"Karlsruhe-Stadt","13","Beiertheim-Bulach","013-02","Südl. Hohenzollernstr.",943,224,569,558,189,188,11,96,27,20,3,1,21,2,562,202,136,19,90,40,29,3,0,1,5,0,0,0,0,31,0,1,2,1,2
271,"Karlsruhe-Stadt","13","Beiertheim-Bulach","013-03","Südl. Marie-Alexandra-Str.",1175,291,657,649,198,229,18,107,38,33,3,1,21,1,652,197,162,37,133,42,31,1,1,3,5,1,0,0,0,32,1,0,4,0,2
271,"Karlsruhe-Stadt","13","Beiertheim-Bulach","013-04","Bulach Östl. Teil",1001,187,566,554,244,150,4,64,27,23,9,4,24,5,561,239,122,18,62,36,23,7,3,8,4,1,2,1,0,31,1,1,0,0,2
271,"Karlsruhe-Stadt","13","Beiertheim-Bulach","013-05","Bulach Westl. Teil",1108,170,695,674,281,178,10,97,54,12,5,3,27,7,675,257,154,31,104,46,23,3,2,4,3,0,1,0,0,44,0,0,1,1,1
271,"Karlsruhe-Stadt","14","Weiherfeld-Dammerstock","014-01","Feldbergplatz",983,198,583,568,228,162,16,100,14,17,2,5,24,0,571,214,124,26,110,30,22,2,3,2,2,0,0,1,0,32,0,1,0,1,1
271,"Karlsruhe-Stadt","14","Weiherfeld-Dammerstock","014-02","Nordöstl. Weiherwaldsch.",991,246,638,632,258,195,20,82,23,21,0,0,28,5,634,251,135,39,118,32,14,0,0,5,3,0,0,0,0,36,0,0,1,0,0
271,"Karlsruhe-Stadt","14","Weiherfeld-Dammerstock","014-03","Rechts der Alb",928,192,568,561,217,166,10,109,22,19,1,0,11,6,562,207,139,26,103,38,14,2,0,6,1,1,1,0,0,19,1,0,3,0,1
271,"Karlsruhe-Stadt","14","Weiherfeld-Dammerstock","014-04","St. Franziskus-Kirche",926,170,502,495,200,146,6,81,33,7,3,2,15,2,498,188,119,21,75,43,13,4,2,4,1,0,1,0,0,19,1,0,3,0,4
271,"Karlsruhe-Stadt","14","Weiherfeld-Dammerstock","014-05","Rüppurrer Schloss",843,171,531,526,310,130,19,34,9,3,2,0,19,0,527,293,104,47,40,14,4,1,0,1,0,0,0,0,0,21,0,0,0,1,1
271,"Karlsruhe-Stadt","15","Rüppurr","015-01","Nördl. Gartenstadt",999,237,544,540,199,175,20,72,27,18,3,1,20,5,540,199,140,30,76,37,16,4,0,5,2,4,0,0,0,25,0,0,2,0,0
271,"Karlsruhe-Stadt","15","Rüppurr","015-02","Südöstl. Gartenstadt",801,152,489,481,168,178,14,65,25,14,2,0,14,1,483,162,151,15,76,35,19,1,0,2,0,0,1,0,0,17,0,1,3,0,0
271,"Karlsruhe-Stadt","15","Rüppurr","015-03","Eichelgarten",893,212,446,437,161,160,5,63,20,7,3,0,15,3,442,158,135,12,63,26,10,4,1,6,0,1,3,0,2,19,1,0,0,1,0
271,"Karlsruhe-Stadt","15","Rüppurr","015-04","Südl. Christkönig-Kirche",1110,252,685,671,262,198,25,112,20,24,2,2,21,5,679,263,162,53,107,30,18,5,0,2,3,0,1,0,0,29,0,0,3,1,2
271,"Karlsruhe-Stadt","15","Rüppurr","015-05","Märchenviertel",1010,328,565,558,318,121,21,53,10,11,2,2,18,2,563,295,80,64,59,11,11,3,1,3,0,0,0,0,0,32,0,1,3,0,0
271,"Karlsruhe-Stadt","15","Rüppurr","015-06","Heinrich-Heine-Ring",938,331,484,482,227,149,11,54,9,5,1,4,21,1,480,228,101,21,64,16,4,1,2,3,6,0,0,0,0,32,0,1,1,0,0
271,"Karlsruhe-Stadt","15","Rüppurr","015-07","Südl. Allmendstr.",1186,281,711,703,320,201,23,99,18,12,2,2,21,5,709,294,166,49,115,26,8,3,2,5,1,1,0,0,0,36,0,1,1,0,1
271,"Karlsruhe-Stadt","15","Rüppurr","015-08","Lange Str./Rastatter Str.",1175,261,690,681,272,201,24,101,24,29,3,3,22,2,685,242,163,42,112,36,28,4,1,6,4,2,3,0,0,38,0,4,0,0,0
271,"Karlsruhe-Stadt","16","Waldstadt","016-01","Waldstadt Zentrum/Feldlage Nord",1089,234,555,547,242,149,11,77,27,14,1,0,22,4,549,228,130,25,73,34,18,0,0,2,1,2,0,0,0,31,0,0,4,0,1
271,"Karlsruhe-Stadt","16","Waldstadt","016-02","Waldstadt Feldlage Süd",965,229,592,581,236,163,29,84,24,12,1,1,30,1,590,237,131,49,82,28,18,2,1,0,1,1,0,0,3,35,0,0,1,0,1
271,"Karlsruhe-Stadt","16","Waldstadt","016-03","Südl. Ernst-Reuter-Schule",1017,269,605,599,267,148,30,101,12,8,0,1,30,2,602,273,95,68,90,16,14,0,0,1,4,0,0,0,0,38,0,0,3,0,0
271,"Karlsruhe-Stadt","16","Waldstadt","016-04","Königsberger Str.",885,86,361,353,138,109,6,26,31,11,7,3,22,0,351,126,102,9,33,31,9,6,4,6,1,1,0,0,0,21,1,0,0,0,1
271,"Karlsruhe-Stadt","16","Waldstadt","016-05","Südl. Schneidemühler Str.",836,165,399,390,149,97,6,50,38,20,2,4,20,4,392,140,68,13,36,59,25,3,4,6,2,2,1,0,0,25,0,1,6,0,1
271,"Karlsruhe-Stadt","16","Waldstadt","016-06","Kolberger u. Insterburger Str. West",912,178,460,454,163,141,9,50,44,26,7,1,11,2,451,148,120,25,48,50,17,4,0,6,2,0,0,0,0,25,0,0,3,0,3
271,"Karlsruhe-Stadt","16","Waldstadt","016-07","Insterburger u. Schneidemühler Str. Ost",1066,184,507,496,196,147,10,40,50,21,9,3,18,2,496,184,146,17,41,42,18,10,3,5,0,0,3,0,0,20,1,0,3,2,1
271,"Karlsruhe-Stadt","16","Waldstadt","016-08","Elbinger Str.",1003,182,479,471,196,146,5,45,38,12,7,2,16,4,473,185,132,15,44,36,17,8,2,1,0,1,1,0,0,24,2,0,2,0,3
271,"Karlsruhe-Stadt","16","Waldstadt","016-09","Europäische Schule",1081,265,630,621,290,183,24,51,19,15,4,1,31,3,621,271,142,49,55,21,23,1,0,3,1,1,1,0,1,48,0,0,1,0,3
271,"Karlsruhe-Stadt","17","Rintheim","017-01","Alt-Rintheim",1109,214,667,664,255,214,9,101,26,30,6,1,18,4,662,243,165,76,58,33,37,6,4,2,1,1,1,2,0,29,0,0,4,0,0
271,"Karlsruhe-Stadt","17","Rintheim","017-02","Nördl. Hirtenweg",1069,280,585,578,207,196,12,81,26,26,3,0,24,3,579,212,130,23,99,32,34,4,0,3,0,0,0,0,0,30,2,1,7,1,1
271,"Karlsruhe-Stadt","17","Rintheim","017-03","Nördl. Rintheimer Feld",853,62,402,391,163,150,8,15,23,8,6,1,17,0,389,147,124,10,29,28,12,3,0,1,1,0,1,0,0,26,0,0,4,1,2
271,"Karlsruhe-Stadt","17","Rintheim","017-04","Südl. Rintheimer Feld",948,134,416,406,169,138,6,24,36,12,5,4,11,1,405,159,117,9,35,33,13,3,6,2,0,0,1,0,1,23,0,0,1,1,1
271,"Karlsruhe-Stadt","18","Hagsfeld","018-01","Südl. Waldeckstr.",995,200,565,564,206,186,8,76,28,14,2,2,37,5,563,195,141,24,94,35,23,2,3,1,1,2,0,0,0,37,0,0,4,0,1
271,"Karlsruhe-Stadt","18","Hagsfeld","018-02","Östl. Hagsfelder Brücke",939,172,502,496,203,158,14,50,11,28,2,0,25,5,498,192,139,25,57,21,20,2,3,6,1,2,0,1,1,27,0,0,1,0,0
271,"Karlsruhe-Stadt","18","Hagsfeld","018-03","Nördl. Brücken- u. Karlsr. Str.",1116,197,604,597,256,164,11,68,32,36,5,4,19,2,600,237,125,34,84,36,35,6,2,5,0,1,1,0,0,32,0,0,2,0,0
271,"Karlsruhe-Stadt","18","Hagsfeld","018-04","Hallesche Allee",875,91,448,438,200,124,4,42,24,18,2,2,17,5,435,181,96,16,51,28,16,2,1,4,3,2,0,1,0,30,0,0,4,0,0
271,"Karlsruhe-Stadt","18","Hagsfeld","018-05","Leipziger Allee",1167,213,713,701,288,219,16,80,33,26,3,3,32,1,701,278,175,41,82,32,34,5,2,5,0,2,0,0,0,44,0,0,1,0,0
271,"Karlsruhe-Stadt","19","Durlach","019-01","Dornwald-/Untermühlsiedlung",1132,193,556,541,207,166,15,49,44,14,8,6,32,0,544,193,125,24,68,43,22,6,5,2,1,2,0,1,2,44,0,0,4,1,1
271,"Karlsruhe-Stadt","19","Durlach","019-02","Westl. Ernst-Friedrich-Str.",1284,224,696,689,261,196,13,96,45,26,5,2,39,6,686,244,142,30,117,46,31,8,1,9,1,0,1,0,0,48,0,0,6,0,2
271,"Karlsruhe-Stadt","19","Durlach","019-03","Paracelsus-Klinik",1159,187,612,604,231,197,12,51,50,24,8,1,27,3,602,227,150,28,59,49,31,6,1,0,0,2,0,0,0,43,0,0,3,2,1
271,"Karlsruhe-Stadt","19","Durlach","019-04","Bf. Durlach / Westl. Pfinztor",1198,319,631,624,240,211,16,84,19,15,5,2,25,7,624,234,150,39,102,30,13,6,2,1,0,0,2,1,0,37,0,0,6,0,1
271,"Karlsruhe-Stadt","19","Durlach","019-05","Östl. Altstadt / Weiherhof",1153,201,700,694,231,231,21,100,33,26,6,4,36,6,697,237,156,41,124,45,31,5,5,2,2,0,0,0,0,45,0,0,4,0,0
271,"Karlsruhe-Stadt","19","Durlach","019-06","Grötzinger Str. / Schlossgarten",985,174,579,569,207,170,15,97,26,26,3,0,22,3,572,184,130,26,115,33,25,4,0,6,4,2,0,0,0,37,0,0,2,2,2
271,"Karlsruhe-Stadt","19","Durlach","019-07","Altstadtring / Amalienbad",1296,274,754,746,262,238,19,116,40,30,7,4,25,5,745,254,172,44,131,54,29,6,3,3,1,2,0,0,0,39,1,1,5,0,0
271,"Karlsruhe-Stadt","19","Durlach","019-08","Karlsburg / Östl. Pfinzstr.",1256,238,623,615,222,210,21,71,33,24,3,1,25,5,619,217,153,34,84,45,25,3,3,7,1,1,1,0,0,39,0,1,3,0,2
271,"Karlsruhe-Stadt","19","Durlach","019-09","Turmberg",1029,247,615,612,264,169,22,113,11,12,1,2,16,2,611,242,122,56,113,23,15,1,0,0,0,4,0,0,0,31,1,1,1,1,0
271,"Karlsruhe-Stadt","19","Durlach","019-10","Rosengärtle / Strählerweg",1094,358,626,620,315,149,40,66,18,10,2,2,15,3,623,287,101,93,72,20,12,0,0,12,2,2,0,0,0,18,1,3,0,0,0
271,"Karlsruhe-Stadt","19","Durlach","019-11","Dechantsberg / Bergwaldstr.",1021,305,478,472,246,121,23,37,8,10,2,0,22,3,475,216,91,61,44,9,5,2,0,2,5,0,0,0,0,39,0,0,1,0,0
271,"Karlsruhe-Stadt","19","Durlach","019-12","Geigersberg / Rappeneigen",933,291,481,481,245,128,19,51,5,15,1,2,14,1,481,228,94,44,58,8,13,2,1,2,0,2,0,0,0,26,0,0,2,0,1
271,"Karlsruhe-Stadt","19","Durlach","019-13","Aue Nord",1133,208,582,567,214,178,13,71,41,14,7,7,20,2,568,188,158,29,70,42,26,7,5,4,1,0,1,1,0,31,0,1,1,0,3
271,"Karlsruhe-Stadt","19","Durlach","019-14","Aue Brühlstr.",1161,251,610,605,246,192,15,85,17,21,3,2,19,5,608,242,158,26,94,18,18,5,0,6,1,0,0,0,0,34,0,0,5,0,1
271,"Karlsruhe-Stadt","19","Durlach","019-15","Aue Westmarkstr.",1030,165,535,531,224,154,6,56,34,15,9,8,22,3,527,203,113,22,67,37,21,4,7,5,3,0,0,1,0,40,1,0,1,0,2
271,"Karlsruhe-Stadt","19","Durlach","019-16","Säuterich",1135,245,670,668,316,143,27,77,32,22,8,3,32,8,667,294,123,51,78,35,20,7,1,3,5,0,0,0,0,44,0,1,4,0,1
271,"Karlsruhe-Stadt","19","Durlach","019-17","Lohn-Lissen West",1113,147,545,530,210,159,15,39,41,20,10,6,25,5,533,192,136,21,54,42,21,6,4,6,1,1,1,1,2,37,0,2,3,0,3
271,"Karlsruhe-Stadt","19","Durlach","019-18","Lohn-Lissen Mitte",987,129,507,498,197,157,10,44,29,13,10,4,32,2,500,177,142,21,46,38,14,7,3,3,1,2,3,2,0,34,0,0,6,1,0
271,"Karlsruhe-Stadt","19","Durlach","019-19","Killisfeld",314,49,173,172,75,49,3,19,4,3,2,3,12,2,173,62,44,13,18,6,5,2,3,1,0,0,0,0,0,17,0,0,2,0,0
271,"Karlsruhe-Stadt","19","Durlach","019-20","Bergwaldsiedlung",908,178,543,539,274,139,13,42,30,11,2,1,27,0,540,232,108,41,45,35,13,1,2,3,2,1,0,0,0,56,0,0,1,0,0
271,"Karlsruhe-Stadt","20","Grötzingen","020-01","Westl. Bruchwaldstr.",868,157,542,539,273,147,10,50,14,13,3,1,24,4,540,253,113,34,69,15,11,0,0,3,1,1,0,1,0,36,1,0,2,0,0
271,"Karlsruhe-Stadt","20","Grötzingen","020-02","Alt-Grötzingen",992,223,596,590,223,203,15,72,28,19,3,4,22,1,590,201,164,26,93,36,18,3,1,3,2,1,1,0,0,37,0,0,2,1,1
271,"Karlsruhe-Stadt","20","Grötzingen","020-03","Südl. Hallenbad",1007,260,530,527,257,155,20,42,17,8,3,2,19,4,528,230,108,49,56,19,10,5,1,3,3,1,1,0,0,36,1,2,1,1,1
271,"Karlsruhe-Stadt","20","Grötzingen","020-04","Dausäckerhohl",1134,249,623,611,257,191,15,64,32,20,4,6,19,3,619,243,149,42,77,31,15,5,2,14,4,1,1,0,0,32,1,0,2,0,0
271,"Karlsruhe-Stadt","20","Grötzingen","020-05","Weingartener Str.",1002,239,620,610,254,211,18,63,18,15,3,3,22,3,613,249,149,34,93,16,13,2,1,6,0,1,0,3,0,42,1,0,2,1,0
271,"Karlsruhe-Stadt","20","Grötzingen","020-06","Im Speitel",1004,195,595,589,265,190,20,60,19,15,1,1,17,1,592,250,158,42,71,16,15,3,1,5,0,3,0,0,1,25,0,0,1,0,1
271,"Karlsruhe-Stadt","20","Grötzingen","020-07","Nördl. Grezzostr.",932,230,511,502,221,161,13,60,15,4,3,1,20,4,506,217,134,28,63,15,6,1,1,8,1,0,1,0,0,26,2,1,1,0,1
271,"Karlsruhe-Stadt","21","Stupferich","021-01","Östlicher Teil",686,180,367,361,215,62,16,30,15,5,0,1,14,3,361,208,50,32,23,15,6,0,2,1,0,0,0,0,0,20,0,0,4,0,0
271,"Karlsruhe-Stadt","21","Stupferich","021-02","Westlich Friedhof",796,198,452,450,244,110,16,41,7,10,4,2,13,3,451,229,95,29,41,12,7,3,3,2,0,1,0,0,0,27,0,1,1,0,0
271,"Karlsruhe-Stadt","21","Stupferich","021-03","Nördlicher Teil",666,156,359,354,194,76,11,29,13,9,0,0,14,8,354,191,63,21,22,22,9,0,0,1,1,1,0,0,0,15,0,0,7,0,1
271,"Karlsruhe-Stadt","22","Hohenwettersbach","022-01","Rehbuckel",902,177,580,572,293,145,23,60,16,9,3,5,15,3,573,293,111,52,63,16,4,3,4,2,0,2,0,0,0,20,0,0,3,0,0
271,"Karlsruhe-Stadt","22","Hohenwettersbach","022-02","Südl. Rathaus",1186,246,761,751,329,234,23,108,19,10,3,1,21,3,751,327,154,44,128,33,19,2,1,4,1,1,0,0,0,33,0,0,3,1,0
271,"Karlsruhe-Stadt","23","Wolfartsweier","023-01","Wettersteinstr.",818,156,487,478,232,138,9,35,25,13,7,0,18,1,480,207,118,21,44,30,16,5,1,0,0,0,1,0,0,32,0,0,2,1,2
271,"Karlsruhe-Stadt","23","Wolfartsweier","023-02","Südl. Ringstr.",785,134,434,426,179,127,14,45,23,8,3,0,25,2,429,171,85,24,57,27,10,2,1,5,4,1,2,0,1,34,0,1,2,0,2
271,"Karlsruhe-Stadt","23","Wolfartsweier","023-03","Zündhütle/Steinhofstr.",906,223,542,539,234,150,17,69,15,15,4,1,28,6,541,220,127,42,66,21,15,1,2,2,0,1,0,0,0,40,0,0,3,0,1
271,"Karlsruhe-Stadt","24","Grünwettersbach","024-01","Nordwestl. Teil",888,185,532,521,274,131,17,41,16,16,1,3,20,2,526,254,104,43,52,20,10,3,2,3,1,2,0,0,1,28,0,0,3,0,0
271,"Karlsruhe-Stadt","24","Grünwettersbach","024-02","Südl. Am Wetterbach",797,158,482,475,242,121,20,48,10,5,1,4,20,4,475,222,98,30,60,14,5,2,2,1,1,1,0,0,0,32,0,0,6,0,1
271,"Karlsruhe-Stadt","24","Grünwettersbach","024-03","Östl. Teil",725,179,447,442,241,109,17,38,11,2,4,1,14,5,442,224,87,50,34,13,4,2,1,6,1,0,0,0,0,15,0,0,5,0,0
271,"Karlsruhe-Stadt","24","Grünwettersbach","024-04","Nordöstl. Am Wetterbach",784,188,479,477,223,156,15,36,7,7,7,1,19,6,476,201,124,33,47,15,8,7,1,4,3,2,1,0,0,22,0,0,7,0,1
271,"Karlsruhe-Stadt","25","Palmbach","025-01","Nordöstl. Teil",697,159,414,412,182,113,18,42,11,4,4,1,34,3,412,183,91,25,41,18,4,1,3,4,0,0,1,0,0,38,0,1,1,0,1
271,"Karlsruhe-Stadt","25","Palmbach","025-02","Südl. Teil",687,147,419,416,213,121,12,32,12,4,3,3,14,2,418,212,91,26,46,9,6,4,2,2,0,0,1,0,0,17,0,1,1,0,0
271,"Karlsruhe-Stadt","26","Neureut","026-01","Südl. Welschneureuter Str.",1002,176,564,551,247,143,26,52,33,24,2,0,20,4,554,212,134,40,56,41,19,6,0,7,2,0,3,0,0,26,1,1,4,1,1
271,"Karlsruhe-Stadt","26","Neureut","026-02","Am Alten Bahnhof",1027,207,550,541,240,152,27,55,14,18,8,3,17,7,543,226,138,41,46,16,19,7,4,2,4,0,1,1,0,28,0,0,6,1,3
271,"Karlsruhe-Stadt","26","Neureut","026-03","Südöstl. Schulzentrum",896,151,518,502,269,119,16,29,25,11,4,1,27,1,503,257,103,31,28,29,10,3,2,1,0,1,0,0,0,36,0,0,0,0,2
271,"Karlsruhe-Stadt","26","Neureut","026-04","Rathaus Neureut",982,190,588,582,276,159,37,45,20,16,2,2,23,2,583,261,132,53,49,22,19,2,2,3,1,1,2,1,0,33,0,0,1,0,1
271,"Karlsruhe-Stadt","26","Neureut","026-05","Badnerlandhalle",1078,210,541,533,274,138,14,36,23,16,3,1,27,1,532,255,129,24,38,28,14,3,1,3,0,0,3,0,0,33,0,0,0,1,0
271,"Karlsruhe-Stadt","26","Neureut","026-06","Nordöstl. Hallenbad",1115,200,545,537,276,127,17,46,23,15,1,1,24,7,538,256,105,35,49,26,13,2,2,6,2,0,0,0,0,37,0,1,3,0,1
271,"Karlsruhe-Stadt","26","Neureut","026-07","Nordöstl. Mitteltorstr.",1105,185,648,638,295,151,35,64,28,21,6,2,32,4,641,281,123,49,69,27,21,6,0,10,0,0,0,0,0,49,0,0,3,1,2
271,"Karlsruhe-Stadt","26","Neureut","026-08","Nördl. Teutschneureuter Str.",1281,244,771,764,367,221,53,50,20,22,4,2,24,1,764,345,192,64,60,15,22,5,2,2,2,0,0,2,0,48,0,1,2,0,2
271,"Karlsruhe-Stadt","26","Neureut","026-09","Kirchfeld Westl. Teil",1088,175,624,620,267,177,30,52,34,23,3,2,27,5,620,251,146,41,53,38,31,3,1,12,0,1,0,0,0,40,0,0,2,1,0
271,"Karlsruhe-Stadt","26","Neureut","026-10","Kirchfeld Östl. Teil",1066,192,639,637,312,163,22,70,25,17,4,1,18,5,636,299,118,40,75,29,29,4,0,3,0,0,0,0,0,34,0,0,5,0,0
271,"Karlsruhe-Stadt","26","Neureut","026-11","Heide Östl. Teil",835,209,511,505,227,140,30,48,13,9,3,0,32,3,502,227,99,46,53,18,11,3,1,2,7,0,1,0,0,33,0,0,1,0,0
271,"Karlsruhe-Stadt","26","Neureut","026-12","Heide Westl. Teil",1071,224,641,637,269,195,22,72,28,13,0,1,33,4,638,269,129,36,85,30,18,0,1,4,2,0,2,0,0,60,0,0,2,0,0
271,"Karlsruhe-Stadt","26","Neureut","026-13","Kirchfeld-Nord",916,188,560,558,242,185,12,73,13,17,2,2,10,2,559,242,119,29,98,19,15,2,1,0,0,1,0,0,0,24,2,2,1,1,3
271,"Karlsruhe-Stadt","27","Nordstadt","027-01","Hardwaldsiedlung Mitte West",1203,303,660,656,205,216,21,98,56,23,2,4,25,6,656,203,167,38,102,55,31,3,4,7,1,1,0,0,0,38,0,0,5,0,1
271,"Karlsruhe-Stadt","27","Nordstadt","027-02","Hardwaldsiedlung / Michiganstr.",1374,371,693,685,234,214,18,102,44,25,5,2,38,3,681,226,154,31,116,53,27,3,2,5,3,1,0,4,0,56,0,0,0,0,0
271,"Karlsruhe-Stadt","27","Nordstadt","027-03","Rhode-Island-Allee",1248,200,729,725,277,206,11,102,54,34,2,0,34,5,724,285,142,26,115,63,36,3,1,3,2,1,3,1,0,38,0,0,3,1,1
271,"Karlsruhe-Stadt","27","Nordstadt","027-04","Westlich Tennessee-Allee",1392,204,737,727,231,213,9,90,82,46,4,0,46,6,727,212,159,26,92,80,53,10,0,13,0,0,0,0,1,65,2,1,9,3,1
271,"Karlsruhe-Stadt","27","Nordstadt","027-05","Kanalweg / Louisiana Drive",1122,142,737,731,145,285,19,156,73,17,4,0,29,3,731,166,160,19,190,97,38,4,0,9,1,0,2,1,0,40,1,0,2,1,0
271,"Karlsruhe-Stadt",,"Briefwahl",,,0,0,41199,40757,16053,11130,1868,6605,1486,1346,191,96,1673,309,40970,15654,8702,3087,6969,1850,1560,169,73,301,129,70,64,21,12,1943,10,22,212,27,95
